içinde	içerisinde	. kuzeyinde, batısında Edirne İlçe merkezine bağlı İskender ve Sazlıdere köyleri ve kuzeyinde Edirne-Kırklareli asvalt yolu bulunmaktadır. 40.110 dekar arazisi bulunan ve bu arazinin	. kuzey yönünde içeride, batısında Edirne İlçe merkezine bağlı İskender ve Sazlıdere köyleri ve kuzeyinde Edirne-Kırklareli asfalt yolu bulunmaktadır. 40.110 dekar arazisi olup, bu arazinin	3 bin dekarı mera, 220 dekarı kadar da hazine arazisi bulunmaktadır	3 bin dekar mera, 220 dekar da hazine arazisi mevcuttur	far_apart
hiç bir	hiçbir	18 Temmuz 2008 ABD Dışişleri Bakanı Condoleezza Rice İran'a nükleer çalışmaları askıya alması karşılında verilecek teşvikler konusunda vereceği yanıtla ilgili olarak ABD'nin	18 Temmuz 2008 ABD Dışişleri Bakanı Condoleezza Rice İran'a nükleer çalışmaları askıya alması karşılında verilecek teşvikler konusunda vereceği yanıtla ilgili olarak ABD'nin	söz vermediğini söyledi.http://www.reuters.com/news/video?videoId=87145&videoChannel=1	söz vermediğini söyledi.http://www.reuters.com/news/video?videoId=87145&videoChannel=1	space:merge
Gazetede	Gazete'de	6698 sayılı Kişisel Verilerin Korunması Kanunu 24 Mart 2016 tarihinde Türkiye Büyük Millet Meclisinde kabul edildikten sonra 7 Nisan 2016 tarih ve 29677 sayılı Resmi	6698 sayılı Kişisel Verilerin Korunması Kanunu 24 Mart 2016 tarihinde Türkiye Büyük Millet Meclisinde kabul edildikten sonra 7 Nisan 2016 tarih ve 29677 sayılı Resmi	yayımlandı	yayımlandı	punct
Konseyi'nın	Konseyi'nin	2004-05 yılında Amerikan Otomatik Denetim	2004-05 yılında Amerikan Otomatik Denetim	başkan yardımcılığını yürüten Galip Ulsoy, 2006-07 yılında bu konseyin başkanlığına getirildi.Amerikan Otomatik Denetim Konseyi Başkanları	başkan yardımcılığını yürüten Galip Ulsoy, 2006-07 yılında bu konseyin başkanlığına getirildi.Amerikan Otomatik Denetim Konseyi Başkanları	ascii
Kurumunun	Kurumu'nun	Tarihi gelişimi olarak bugünkü Bölükyayla 1913'lü yıllara değinirsek şu anki yerleşim alanının 1 km batısında yer almış ve 1913 yılından sonra bugünkü kentsel yerleşim alanının kuzey kesimleri dağ eteğinde bulunan Atatürk mahallesi yerleşimin ilk nüvesi olmuştur. 1980 yılları sonrası ise Atatürk Bulvarı çevresi ile bugünkü Sağlık Ocağı ve Ziraa-i Donatım	Tarihi gelişimi olarak bugünkü Bölükyayla 1913'lü yıllarda şu anki yerleşim alanının 1 km batısında yer almış ve 1913 yılından sonra bugünkü kentsel yerleşim alanının kuzey kesimleri dağ eteğinde bulunan Atatürk mahallesi yerleşimin ilk nüvesi olmuştur. 1980 yılları sonrası ise Atatürk Bulvarı çevresi ile bugünkü sağlık ocağı ve Ziraa-i Donatım	yer aldığı alanında hızla geliştiği yön olan Cumhuriyet mahallesinde oluşmuştur	yer aldığı alanında hızla geliştiği yön olan Cumhuriyet mahallesinde oluşmuştur	punct
geciren	geçiren	Floransa Dükalığı (İtalyanca:Ducato di Firenze) Floransa, Toskana, Italya merkezli olarak kurulmus 1532–1569 doneminde hukum surmus kalitimsal monarsi ile idare edilen monarsik devlettir. Bu Dukalik 1530'de Floransa'yi kusatarak eline	Floransa Dükalığı (İtalyanca:Ducato di Firenze) Floransa, Toskana, İtalya merkezli olarak kurulmuş 1532–1569 döneminde hüküm sürmüş kalıtımsal monarşi ile idare edilen bir devlettir. Bu Dükalık 1530'de Floransa'yı kuşatarak eline	Kutsal Roma Germen Imparatoru V	Kutsal Roma Germen İmparatoru V	ascii
iklimive	iklimi ve	Köyün iklimi, Karadeniz	Köyün iklimi, Karadeniz	kara iklimi etki alanı içerisindedir	kara iklimi etki alanı içerisindedir	space:split
biridirve	biridir ve	Müslümanlar için en kutsal ikinci mekandır.Genel olarak Mescid-i Aksa denildiğinde ilk akla gelen yapı üzerindeki altın kubbeli yapıdır.Kubbetüs Sahra Mescid-i Aksa ile bütünleşmiş durumdadır. Ancak Mescid-i Aksa tepenin üzerindeki yerleşkenin tamamına verilen isimdir.Kubbetüs Sahra bu yerleşke içindeki yapılardan	. Ancak Mescid-i Aksa tepenin üzerindeki yerleşkenin tamamına verilen isimdir. Kubbetüs Sahra bu yerleşke içindeki yapılardan	kimi çevrelerce asıl kutsal olan Muallak kayası ve üstünü çevreleyen kubbetüs Sahradır	kimi çevrelerce asıl kutsal olan Muallak kayası ve üstünü çevreleyen Kubbetüs Sahra'dır	space:split
Amların	Aşkların			Ortasında	Ortasında	noise:other
fedekarlıklarda	fedakarlıklarda	. CTU'nun kilit elemanı olarak ABD'de büyük terörist eylemlerini önleyip sivillerin ve hükümet liderlerinin hayatlarını kurtarmıştır. Görevi uğruna pek çok	. CTU'nun kilit elemanı olarak ABD'de büyük terörist eylemlerini önleyip sivillerin ve hükümet liderlerinin hayatlarını kurtarmıştır. Görevi uğruna pek çok	bulunmuş, engellediği kişiler onun ve sevdiklerinin peşinden gelmişlerdir	bulunmuş, engellediği kişiler onun ve sevdiklerinin peşinden gelmişlerdir	noise:sub
1995'de	1995'te	. Ayrıca Türkiye Yazarlar Sendikası'nın kurucularından biridir. 2 Aralık	. Ayrıca Türkiye Yazarlar Sendikası'nın kurucularından biridir. 2 Aralık	hayatını kaybetmiştir	hayatını kaybetmiştir	noise:sub
çelişmalar	çalışmalar	. Ailesi çok zengindi ve Venedik'te yuksek tabakadan eski politik elit aileleriden biriydi. Tarih, antik Yunanca ve Latince dilleri ve felsefe üzerinde	. Ailesi çok zengindi ve Venedik'te yuksek tabakadan eski politik elit aileleriden biriydi. Tarih, antik Yunanca ve Latince dilleri ve felsefe üzerinde	içeren bir klasik eğitim aldı	içeren bir klasik eğitim aldı	noise:sub
sözkonusu	söz konusu	Organlarda yangısal değişikliklere bağlı olarak	Organlarda yangısal değişikliklere bağlı olarak	organ ve ona ilişkin sistemlerde bir takım aksaklıklar ve buna bağlı olarak gelişen klinik bulgularda söz edilmesi olasıdır	organ ve ona ilişkin sistemlerde bir takım aksaklıklar ve buna bağlı olarak gelişen klinik bulgularda söz edilmesi olasıdır	space:split
Bakınız	bakınız	Ayrıca	Ayrıca			capital
Merkez	merkez	Sarımbey, Yozgat ilinin	Sarımbey, Yozgat ilinin	ilçesine bağlı bir köydür	ilçesine bağlı bir köydür	capital
an ki	anki	Şu	Şu	Uygurlar Çin baskısına maruz kalmaktadır	Uygurlar Çin baskısına maruz kalmaktadır	space:merge
kirazlık	Kirazlık	1915 yılına kadar	1915 yılına kadar	köyüne baglı kalan bir mahalle idi, daha soradan ayrılarak koçlu köyü olarak bilgilere geçmiştir	köyüne bağlı kalan bir mahalle idi	capital
Bağlantı	bağlantı	Dış	Dış			capital
ptt	PTT	. Köyün içme suyu şebekesi vardır ancak kanalizasyon şebekesi yoktur. Ptt şubesi ve	. Köyün içme suyu şebekesi vardır ancak kanalizasyon şebekesi yoktur. PTT şubesi ve	acentesi yoktur	acentesi yoktur	capital
itibariyle	itibarıyla	Necef (Arapça: النجف), Irak'ın başkenti Bağdat'ın 160 km güneyinde 31.99°N 44.33°E koordinatlarında bulunan şehir. Çoğunluğunu Şiilerin oluşturduğu şehrin nüfusu 2003	Necef (Arapça: النجف), Irak'ın başkenti Bağdat'ın 160 km güneyinde 31.99°N 44.33°E koordinatlarında bulunan şehir. Çoğunluğunu Şiilerin oluşturduğu şehrin nüfusu 2003	585.600'dür	585.600'dür	noise:sub
İşlemleri	işlemleri	Buyruk Türü Buyruk Belleği Yazmaç Okuma AMB	Buyruk türü Buyruk belleği Yazmaç okuma AMB	Veri Belleği Yazmaç Yazma Toplam R-tipi 200 50 100 0 50 400ps Load 200 50 100 200 50 600ps Store 200 50 100 200 550ps Branch 200 50 100 350ps Jump 200 200ps	Veri belleği Yazmaç yazma Toplam R-tipi 200 50 100 0 50 400ps Load 200 50 100 200 50 600ps Store 200 50 100 200 550ps Branch 200 50 100 350ps Jump 200 200ps	capital
Bayramali	Bayram Ali	1989 -	1989 -	DEMİR	DEMİR	space:split-capital
latında	altında	Cami : Koçaklar (Ayene) Camisi (150 yıl önce eski caminin heyelanla toprak	Tarihi Cami : Koçaklar (Ayene) Camisi (mahalle semtinde bulunan eski caminin, 1894 te yaşanan heyelanla toprak	kalması sonrası yapılmıştır)	kalması sonrası 1895-96 yılında yapılmıştır)	jumble
icinde haraket	içinde hareket	Sünesün ruhu: Vücudun disinda suya gider suyun	Sünesün ruhu: Vücudun dışında suya gider suyun	eder	eder	noise:sub
ismet inönü	İsmet İnönü	köyün kuruluşu takriben 1925-1927'li yıllara dayanmaktadır.Köye adınıda veren	köyün kuruluşu takriben 1925-1927'li yıllara dayanmaktadır.Köye adınıda veren	tarafından kurulmuştur.Köye ilk yerleşen balkan gçömenleri olup Bulgaristan Razgrat ve Kalava göçmenleridir.İlk olarak 250 hane civarında Nahiye olarak kurulmuştur.İlk kurulduğu yıllarda köyde jandarma karakolu ve hükümet konağının mevcut olduğu bilinmekte olup yine o yıllarda sahra telefonu ile birlikte 5 derslikli köy ilkokulununda olduğu köyün yaşlıları tarafından söylenmektedir.Köyün kuruluşu ile birlikte 2 adet camiisi , hane başına birer dönüm bağ bulunmaktadır.Bu bağlarda kayısı , erik , vişne , kiraz , şeftali , ceviz, üzüm , kavun , karpuz gibi meyveler yetişmiştir	tarafından kurulmuştur.Köye ilk yerleşen Balkan Göçmenleri olup Bulgaristan Razgrat ve Kalava göçmenleridir.İlk olarak 250 hane civarında Nahiye olarak kurulmuştur.İlk kurulduğu yıllarda köyde jandarma karakolu ve hükümet konağının mevcut olduğu bilinmekte olup yine o yıllarda sahra telefonu ile birlikte 5 derslikli köy ilkokulununda olduğu köyün yaşlıları tarafından söylenmektedir.Köyün kuruluşu ile birlikte 2 adet camiisi , hane başına birer dönüm bağ bulunmaktadır.Bu bağlarda kayısı , erik , vişne , kiraz , şeftali , ceviz, üzüm , kavun , karpuz gibi meyveler yetişmiştir	capital
Ingiliz Sir	İngiliz Sır	Hanbury Villasi Botanik Bahcesi: La Mortola'da	Hanbury Villası Botanık Bahçesi: La Mortola'da	Thomas Hanbury tarafindan yaptirilmis villa etrafinda bulunan botanik bahcesi Italya'da bulunan en buyuk botanik bahcedir	Thomas Hanbury tarafından yaptırılmış villa etrafında bulunan botanık bahçesi İtalya'da bulunan en büyük botanık bahçedir	ascii
bir kaç	birkaç	İnsanlık tarihi akışının ilerleyişine etki eden	İnsanlık tarihi akışının ilerleyişine etki eden	büyük olay yaşamıştır	büyük olay yaşamıştır	space:merge
İLYAS	İlyas	1999 -	1999 -	EĞİLMEZ	EĞİLMEZ	capital
Orda	Ordu	Devlet Tarih Notlar 50px Altın	Devlet Tarih Notlar 50px Altın	M.S.1227-1502 Moğol İmparatorluğunun parçası	M.S.1227-1502 Moğol İmparatorluğunun parçası	noise:sub
mehmet yamandır	Mehmet YAMAN'dır	Köyde kızıl agaç yetişir köyün ortasından bir sazlık geçer köyde zorlular yamanlar özkanlar ve uysallar yaşar köyde bir ilkokul ve cami vardır köyün kendi muhtarlıgı vardır köyde ilk muhtar	Köyde kızıl ağaç yetişir köyün ortasından bir sazlık geçer köyde Yamanlar,Zorlular,Özkanlar ve Komaroğlu aileleri yaşarlar.Köyün kendi muhtarlıgı vardır.Köyde ilk muhtar	ikincisi ismail zorludur üçüncüsü kenan yamandır şuanki muhtar burhan y zorludur köyde pirinç yetişir fındık yetişir yazları ılıkgeçer kışları ise soguktur	ikincisi İsmail ZORLU'dur üçüncüsü Kenan ÖZKAN'dır dördüncüsü Burhan ZORLU'dur şuan ki muhtar Arif ZORLU'dur	punct-capital
Videosu	videosu	Şarkının	Şarkının			capital
Üniversitesi'nde	Üniversitesinde	Helsinki Teknoloji	Helsinki Teknoloji	derse devam eden öğrenciler	derse katılan öğrenciler	punct
eminin	emminin	güneyden eşekle odun getirmediysen tulugun torunu ramazandan hiç yalan duymadınmı ali eminin veya muhsin eminin dükkândan hiç bir şey almadıysan ziya	Buralarda davar güdüp kanakdan su içmediysen, kızak yolundaki ağaç köprüden geçmediysen, hasançavuşun pınarından ekin biçenlere su çekmediysen, öğle sıcağında kanakda çimmediysen, bağlardan üzüm alıp çayır tarlada mısır közlerken yemediysen, kışın davudun kızının evin ordan kızakla kaymadıysan,odanın önünde ardıçda oturmadıysan, azapbaşlıynan top oynayıp yenince sevinmediysen güneyden eşekle odun getirmediysen,tuluğun torunu ramazandan hiç yalan duymadıysan, ali emminin veya muhsin emminin dükkândan hiç bir şey almadıysan, ziya	odada hiç oturmadıysan kel ömerinen davulcu kenanın yanında halay çekmediysen gazi emiyi dinlemediysen tivriz bibinin eriklerin den yemediysen hacıkahyanın pınara yürümediysen ölenleri unutmadık hepsini rahmetle anar mekanları cennet olsun yaşayanlar sağlıklı uzun ömür dileriz ama bu yazdıklarımı bilmeyenler bizim köylü değildir devamı;.:)agzına diline salık ahmet gardaş valla köye gitim geldim bu yazdıklarını okuyunca gene memleket hasretı sardı be gardaş şimdi viran olmuş be anlatıkların nerde o eski köy adetleri nerdeeeeeeeee bayramda dambaşılarda sofralar kurup yemek yerdik of of evet bunları bılmeyen bizim köylü deyildir bencede	odada hiç oturmadıysan, kel ömerinen davulcu kenanın yanında halay çekmediysen, gazi emmiyi dinlemediysen, tivriz bibinin eriklerinden yemediysen ve hacıkâğan pınara yürümediysen gündüzlülü sayılmazsın	noise:insert
Teknolojinin	teknolojinin	21.Yüzyılın biyolojik bilimler ve biyoteknoloji çağı olacağı kabul edilmektedir. Bilim ve	. yüzyılın biyolojik bilimler ve biyoteknoloji çağı olacağı kabul edilmektedir. Bilim ve	amacı sağlıklı bir çevre ve sağlıklı bir yaşamdır	amacı sağlıklı bir çevre ve sağlıklı bir yaşamdır	capital
Hayatı	hayatı	Hukümdarlık öncesi	Hükümdarlık öncesi			capital
Siraz'a	Şiraz'a	. Sultan Alp Arslan Fazlaveyh'e destek icin onun emrine bir miktara asker verip ona Kavurt Beyi Siraz 'dan cikartmasi icin yardim sagladi. Aralik 1964'de ise Alp Arslan kendi ordusu ile	. Sultan Alp Arslan Fazlaveyh'e destek için onun emrine bir miktar asker verip ona Kavurt Beyi Şiraz'dan çıkartması için yardım sağladı. Aralık 1964'de ise Alp Arslan kendi ordusu ile	geldi	geldi	ascii
Modemler	modemler	MNP: (Mikrokom NetVYorkimg Protokol) Mikrofon firması tarafında geliştirilmiş hata kontrol protokolü Harici	MNP: (Mikrokom NetVYorkimg Protokol) Mikrofon firması tarafında geliştirilmiş hata kontrol protokolü Harici	Harici güç ünitesinden beslenirler	Harici güç ünitesinden beslenirler	capital
kampsamında	kapsamında	. Dünya Savaşı sırasında Mayıs 1942 den 1943'ün yazına kadar 250.000 Yahudi öldürülmüştür. Kamp Reinhardt aksiyonu adlı proje	. Dünya Savaşı sırasında Mayıs 1942 den 1943'ün yazına kadar 250.000 Yahudi öldürülmüştür. Kamp Reinhardt aksiyonu adlı proje	Belzec Toplama Kampı'nın genişletilmesi bağlamında oluşturulmuştur	Belzec Toplama Kampı'nın genişletilmesi bağlamında oluşturulmuştur	noise:delete
anlamini	anlamını	mccandless kapitalist dunyaya hicbir zaman taviz vermezken, para ile kolayca elde edilen seylerin hayatin gercek zevklerini ve	McCandless kapitalist dünyaya hiçbir zaman taviz vermezken, para ile kolayca elde edilen şeylerin hayatın gerçek zevklerini ve	korelttigini dusunuyordu	korelttigini düşünüyordu	ascii
1946 da	1946'da	14 Şubat	14 Şubat	ilçe olan Oğuzeli’nden 1995 yılında Elbeyli ilçesi ve 23 köy ayrılarak Kilis iline bağlanmıştır	ilçe olan Oğuzeli’nden 1995 yılında Elbeyli ilçesi ve 23 köy ayrılarak Kilis iline bağlanmıştır	punct-space
hattıda	hattı da	Köyde Aksıvat içme suyu şebekesi vardır. Ayrıca kaynağı gökler deresi olan sulama suyu	. Aksuvat suyu; Devlet tarafından, her köyün yakınlarına kadar büyük borularla getirilip, bir çok köyün hizmetine sunulan içme suyu şebekesidir. Ayrıca köyde kaynağı gökler deresi olan sulama suyu	mevcuttur	mevcuttur	space:split
Orjinal	Orijinal	. 1997'de DreamWorks Records'la anlaştı ve iki albümünü bu şirketten çıkarttı. Smith, "Miss Misery" adlı şarkısının Can Dostum filminin müzikleri arasında ter alması ve 1997 yılında En İyi	. 1997'de DreamWorks Records'la anlaştı ve iki albümünü bu şirketten çıkarttı. Smith, "Miss Misery" adlı şarkısının Can Dostum filminin müzikleri arasında ter alması ve 1997 yılında En İyi	Şarkı dalında Oscar'a aday olmasıyla herkesçe tanınır oldu	Şarkı dalında Oscar'a aday olmasıyla herkesçe tanınır oldu	noise:insert
yegeni	yeğeni	. Sonunda Antakya Patrik'in baskanliginda papazlardan olusan bir komisyon kuruldu. Bu arada Boemondo'da da	. Sonunda Antakya Patriğin başkanlığında papazlardan oluşan bir komisyon kuruldu. Bu arada Boemondo'da da	Tancred'e Urfa'yi birakmasini tavsiye etmisti	Tancred'e Urfa'yı bırakmasını tavsiye etmişti	ascii
ptt	PTT	. Köyün içme suyu şebekesi vardır ancak kanalizasyon şebekesi yoktur. Ptt şubesi ve	. Köyün içme suyu şebekesi vardır ancak kanalizasyon şebekesi yoktur. PTT şubesi ve	acentesi yoktur	acentesi yoktur	capital
uzerine	üzerine	I.Suleyman Rusiya ile yakinlasmisdir 1667 ci illede Rusiya ile Safeviler arasinda muqaville imzalamisdir ve bunun	I.Süleyman Rusiya ile yakınlasmışdır 1667-ci ilde Rusiya ile Safeviler arasında müqavile imzalamışdır ve bunun	rus tacirleri Safevi tipraklarina butun yillar boyunca gomruksuz ticaret hakki kazanmistir	rus tacirleri Safevi topraklarında bütün yıllar boyunca gümrüksuz ticaret hakkı kazanmıştır	ascii
orjinal	orijinal	Filmin yönetmenliğini Steve Oedekerk yapar , kendisi serinin daha önceki filminin yapımında da görev almıştır. Filmin	Filmin yönetmenliğini Steve Oedekerk yapar , kendisi serinin daha önceki filminin yapımında da görev almıştır. Filmin	direktörü Tom DeCerchio çekimler başladıkdan sonra işi bırakmıştır	direktörü Tom DeCerchio çekimler başladıkdan sonra işi bırakmıştır	noise:insert
ünvanı	unvanı	Klasik Dünya tarihinde sınırlar çizip hükümdarlıkta bulunmuş soyların erkek nesillerinin tümüne batıda Prens Ortadoğu'da Şehzade ünvanı verilmiştir. Şehzade	Klasik dünya tarihinde sınırlar çizip hükümdarlıkta bulunmuş soyların erkek nesillerinin tümüne batıda Prens, Ortadoğu'da Şehzade unvanı verilmiştir. Şehzade	sadece Osmanlı Hanedanı'nda kullanılmamakla beraber Türk ve İslam medeniyetlerinin kurmuş olduğu Devlet ve Beyliklerin Hükümdarlarının erkek çocukları ve ondan devam eden soylarınada verilen bir ünvandır	sadece Osmanlı Hanedanında kullanılmamakla beraber, Türk ve İslam medeniyetlerinin kurmuş olduğu Devlet ve Beyliklerin Hükümdarlarının erkek çocukları ve ondan devam eden soylarına da verilen bir unvandır	ascii
fizikicoğrafyanın	fiziki coğrafyanın	A. von Humboldt	A. von Humboldt	C	C	space:split
Fikri	fikri	İspat	İspat			capital
koyun ismi adını	köyünün ismini	Yukarı beş pınar	Yukarı beş pınar	1967 yılında kuyum muhtarı olan KAMİL BULDUK tarafından koye 5 tane pınar yaptırarak koyun eski ismini degiştirerek peş pına ismi konumuştur ismini köydeki peştane mevcut olan pınardan alınmıştır	1967 yılında köyüm muhtarı olan KAMİL BULDUK tarafından koye 5 tane pınar yaptırarak koyun eski ismini degiştirerek peş pına ismi konumuştur ismini köydeki peştane mevcut olan pınardan alınmıştır	space-other
olayin	olayın	. Yine söylentiye göre Ahmed Paşa "Kerem" redifli 35 beyitten oluşan ünlü kasidesini padişaha sunmuş ve bu nedenle affedilmiştir. Fakat edebiyat tarihçisi Ali Nihad Tarlan "Kerem" redifli kasidenin yazılışının başka bir nedeni olduğunu ve anlatılan	. Yine söylentiye göre Ahmed Paşa "Kerem" redifli 35 beyitten oluşan ünlü kasidesini padişaha sunmuş ve bu nedenle affedilmiştir. Fakat edebiyat tarihçisi Ali Nihad Tarlan "Kerem" redifli kasidenin yazılışının başka bir nedeni olduğunu ve anlatılan	olasılığı gayet az, bir güzel hikâye olmaktan ileri gitmediğini belirtmektedir	olasılığı gayet az, bir güzel hikâye olmaktan ileri gitmediğini belirtmektedir	ascii
seyremesi	seyretmesi	. Günümüzde inşa edilen stadyumların ana mekanını dikdörtgen seklinde çimlendirilmiş bir saha ile bu sahanın etrafında yer alan pistler oluşturur. Sahanın kenarlarında seyircilerin müsabakaları	. Günümüzde inşa edilen stadyumların ana mekanını dikdörtgen seklinde çimlendirilmiş bir saha ile bu sahanın etrafında yer alan pistler oluşturur. Sahanın kenarlarında seyircilerin müsabakaları	için tribünler bulununur	için tribünler bulununur	noise:insert
görünlerini	görünümlerini	. Bu ortaklık, ingilizce de “electric” ve “electricty” adı verilen kelimelerin doğmasını sağladı. Yazılı olarak ilk	. Bu ortaklık, ingilizce de “electric” ve “electricty” adı verilen kelimelerin doğmasını sağladı. Yazılı olarak ilk	ise 1646 yılında Thomas Browne’nin, Pseudodoxia Epidemica kitabında yaptılar	ise 1646 yılında Thomas Browne’nin, Pseudodoxia Epidemica kitabında yaptılar	noise:insert
evsahibi	ev sahibi	Copa América 2001, 11 Temmuz – 29 Temmuz 2001 tarihleri arasında CONMEBOL tarafından Kolombiya'da düzenlenmiştir. 10 Güney Amerika ekibi ile davet edilen Kosta Rika ve Honduras dahil 12 takımın katıldığı turnuvayı	Copa América 2001, 11 Temmuz – 29 Temmuz 2001 tarihleri arasında CONMEBOL tarafından Kolombiya'da düzenlenmiştir. 10 Güney Amerika ekibi ile davet edilen Kosta Rika ve Honduras dahil 12 takımın katıldığı turnuvayı	Kolombiya kazandı	Kolombiya kazandı	space:split
Fas'dan	Fas'tan	1351 sonbaharında	1351 sonbaharında	ayrıldı ve bir hafta sonra yolu üzerindeki son Fas şehri olan Sijilmasa'ya vardı	ayrıldı ve bir hafta sonra yolu üzerindeki son Fas şehri olan Sijilmasa'ya vardı	noise:sub
baris	barış	Bu sirada Konstantinopolis'den gelen iki senator imparatorun I. Justinianos'un	Bu sırada Konstantinopolis'den gelen iki senatör imparator I. Justinianos'un	teklifini Vitiges'e getridiler	teklifini Ravenna'da Vitiges'e getirdiler	ascii
MUSTAFA AY	mustafa ay	1989 -	1989 -			capital
zamanalarda	zamanlarda	. Alçak uçuş yapan helikopterler saldırı riskini azaltsa da bu durumda da makinalı tüfek ateşi menziline girildiğinden benzer düşürülme tehlikesi azalmamaktadır. Son	. Alçak uçuş yapan helikopterler saldırı riskini azaltsa da bu durumda da makinalı tüfek ateşi menziline girildiğinden benzer düşürülme tehlikesi azalmamaktadır. Son	alçaktan uçan helikopterlere karşı dikey yönde basınç oluşturacak şekilde ayarlanmış patlayıcılarla saldırılar da gerçekleştirilmiştir	alçaktan uçan helikopterlere karşı dikey yönde basınç oluşturacak şekilde ayarlanmış patlayıcılarla saldırılar da gerçekleştirilmiştir	noise:delete
gecirmek icin	geçirmek için	. Toplanan Hacli gucune katilan bazi kisiler bu girisimi uygunsuz bulup katilmamayi tercih ettiler. Fakat toplanan Haclilarin cogunlugu cok onemli bir hedef olan Filistin kutsal topraklarini ve Kudus'u tekrar Hristiyan eline	. Toplanan Haçlı gücüne katılan bazı kişiler bu girişimi uygunsuz bulup katılmamayı tercih ettiler. Fakat toplanan Haçlıların çoğunluğu çok önemli bir hedef olan Filistin kutsal topraklarını ve Kudüs'u tekrar Hristiyan eline	bunun (belki de istenmiyen ama kabul edilebilecek bir) vasita olduguna inanip Zara'ya gitmeyi kabullendiler	bunun (belki de istenmiyen ama kabul edilebilecek bir) vasıta olduğuna inanıp Zara'ya gitmeyi kabullendiler	ascii
hilalşeklinde	hilal şeklinde	. Tutulmada Jasper'ın ilk seçiminin "vejetarjen" olmak olmadığı, Cullenlar'a Alice için katıldığı ve aileye onun kadar içten bağlı olmadığı yazılır.http://www.twilightlexicon.com/2006/03/11/personal-correspondance-2/ Jasper kitapta uzun boylu, sarışın, kaslı ama zayıf olarak tasvir edilir. Ayrıca yüzünde ve vücudunda yeni doğanları eğittiği ve savaştı zamanlardan kalan	. Tutulmada Jasper'ın ilk seçiminin "vejetarjen" olmak olmadığı, Cullenlar'a Alice için katıldığı ve aileye onun kadar içten bağlı olmadığı yazılır.http://www.twilightlexicon.com/2006/03/11/personal-correspondance-2/ Jasper kitapta uzun boylu, sarışın, kaslı ama zayıf olarak tasvir edilir. Ayrıca yüzünde ve vücudunda yeni doğanları eğittiği ve savaştı zamanlardan kalan	yara izleri vardır	yara izleri vardır	space:split
ongoru	öngörü	. National Academy of Sciences, 1999 Science and Creationism: A View from the National Academy of Sciences, Second Edition Ama akıllı tasarımı savunanlar bu görüşe katılmaz ve akıllı tasarımın iddialarının test edilebilir olduğunu savunurlar. Ona ragmen bugune kadar gecerli bir test,	görmektedir.Fakat bu düşünceler çoğunlukla Amerikan Ulusal Bilimler Akademisi hayatın kökenine ilahi akıllı tasarım ve diğer tüm ilahi müdahele iddialarının, deneysel olarak test edilecemeyecekleri, hiçbir tahminde bulunamayacakları ve kendi yeni hipotezlerini yaratamayacakları için bilim olmadığını belirtmiştir. National Academy of Sciences, 1999 Science and Creationism: A View from the National Academy of Sciences, Second Edition Ama akıllı tasarımı savunanlar bu görüşe katılmaz ve akıllı tasarımın iddialarının test edilebilir olduğunu savunurlar.Çünkü savunucularına göre, darwinizm de geçmişte olmuş olaylarla ilgili bir teoridir, Akıllı Tasarım da.İkisini de gözleme imkanı yoktur.Fakat bilimsel bulgulara bakılarak çıkarım yapılabilir.Fakat AT karşıtlarına göre, AT savunucuları bugune kadar gecerli bir test,	yada yanlıslanabilir bir hipotez ortaya atamamıslardır	yada yanlıslanabilir bir hipotez ortaya atamamıslardır	ascii
Sekli	sekli	Kullanım	Kullanım	ve Dozu	ve dozu	capital
1700 lü	1700'lü	Çepni kelimesinin anlamı tarihte düşmanla savaşan anlamında kullanılmaktadır.Çepniler oğuzların üçok kolunun gökhan boyunun yirmidördüncüsü ve en kalabalık olanıdır.Çepnilerin büyük bir kısımı karadeniz bölgesinde yaşamaktadır.Eski yıllarda bir grup çepni turgutluya gelmiştir ve bugunkü çepnidere mahallesi kurulmuştur.Dere adını ise yerleştikleri alanın karşılıklı iki tepe olması ve ortasından dere geçmesinden dolayı bu adı almıştır.köy yaklaşık olarak	. "Dere" adını ise yerleştikleri alanın karşılıklı iki tepe olması ve ortasından dere geçmesinden dolayı almıştır. Köy yaklaşık olarak	yıllarda kurulmuştur	yıllarda kurulmuştur	punct-space
Ptt	PTT	Köyün içme suyu şebekesi vardır ama kanalizasyon şebekesi yoktur. Ptt şubesi yoktur ama	Köyün içme suyu şebekesi vardır ama kanalizasyon şebekesi yoktur. PTT şubesi yoktur ama	acentesi vardır	acentesi vardır	capital
Maria'nin	Maria'nın	. (Come in quest'ora bruna'' - "Nasil sabah isiginda/ deniz ve yildizlar parlamakta"). Amelia Grimaldi adini tasimakta ve Andrea'yi hamisi olarak bilmekle beraber bu kiz gercekte Bocanegra ve	. (Come in quest'ora bruna'' - "Nasıl sabah ışığında/ deniz ve yıldızlar parlamakta"). Amelia Grimaldi adını taşımakta ve Andrea'yı hamisi olarak bilmekle beraber bu kız gerçekte Bocanegra ve	gayri mesru kızı olup Andrea (Fiesco) onun gercek buyukbabasidir	gayri meşru kızı olup Andrea (Fiesco) onun gerçek büyükbabasıdır	ascii
1974'de	1974'te	. 1968-1970 arasında yine Harvard Üniversitesi'nde İktisat Asistan Profosörlüğü yapmıştır. 1970-1974'de Minnesota Üniversitesi'nde İktisat Assosiye Profesörlüğü yapmıştır.	. 1968-1970 arasında yine Harvard Üniversitesi'nde İktisat Asistan Profosörlüğü yapmıştır. 1970-1974'te Minnesota Üniversitesi'nde İktisat Assosiye Profesörlüğü yapmıştır.	bu üniversitede profesörlük görevine atanmış ve 1974-1990'da Minnesota Üniversitesi'nde İktisat Profesörü olarak çalışmıştır	bu üniversitede profesörlük görevine atanmış ve 1974-1990'da Minnesota Üniversitesi'nde İktisat Profesörü olarak çalışmıştır	noise:sub
uyulayak	uyularak	4 yıl 4 ay 4 günlük iken geleneğe	4 yıl 4 ay 4 günlük iken geleneğe	Fatih'de "Emir Buhari" mektebine başladı	Fatih'de "Emir Buhari" mektebine başladı	noise:sub
küçük	Küçük	Yaşam şekilleri birbirlerinden çok farklıdır:	Yaşam şekilleri birbirlerinden çok farklıdır:	karıncayiyen sırf ağaçta yaşarken, büyük karıncayiyen sırf yerde yaşar	karıncayiyen sırf ağaçta yaşarken, büyük karıncayiyen sırf yerde yaşar	capital
çiflikte	çiftlikte	1858 yılında på Värmland'da Marbacka adlı bir	1858 yılında på Värmland'da Marbacka adlı bir	dünyaya geldi	dünyaya geldi	noise:insert
elementi	element	Periyodik cetveldeki farklı periyotta ve gruptaki iki	Periyodik cetveldeki farklı periyotta ve gruptaki iki	arasındaki benzerliklere çapraz ilişki denir	arasındaki benzerliklere çapraz ilişki denir	noise:delete
yada	ya da	Gizli Ermeniler: Ermeni İsyanları ve Ermeni Kırımı sonrası Müslümanlaşan, Ermenilik bilincini koruyan	Gizli Ermeniler: Ermeni İsyanları ve Ermeni Kırımı sonrası Müslümanlaşan, Ermenilik bilincini koruyan	korumayan, genelde Anadolu'da yaşayan bireylerdir	korumayan, genelde Anadolu'da yaşayan bireylerdir	space:split
promiyeri	prömiyeri	. Kisim'ndan uyarlanmistir. Bu opera eserinin	. Kısım'indan uyarlanmıştır. Bu opera eserinin	Paris'da	Paris'da Boulevard du Temple üzerinde bulunan "Théâtre Lyrique " tiyatrosunda 19 Mart 1859'da sahnelenmiştir	ascii
doktorinler	doktrinler	Alparslan Türkeş bu tezini, başta kapitalizm, liberalizm ve komünizm olmak üzere yabancı	Alparslan Türkeş bu tezini, başta kapitalizm, liberalizm ve komünizm olmak üzere yabancı	ve yönetim sistemlerine karşı bağımsız son Türk devletini koruyabilmek için, millî bir görüş etrafında birleşmek için ortaya koymuştur.Alparslan Türkeş, Millî Doktrin Dokuz Işık, Genişletilmiş Birinci Baskı, Hamle Basın Yayın., İstanbul, s	ve yönetim sistemlerine karşı bağımsız son Türk devletini koruyabilmek için, millî bir görüş etrafında birleşmek için ortaya koymuştur.Alparslan Türkeş, Millî Doktrin Dokuz Işık, Genişletilmiş Birinci Baskı, Hamle Basın Yayın., İstanbul, s	noise:delete
etmis	etmiş	Anton Aleksandroviç Utkin 24 Mars 1967’ de Moskova’da dogmus Rus yazar ve belgesel film direktoru olup tum yasamini Moskova’da gecirmistir. Lise yillarinda Gnessine Muzik Okulu’na devam	Anton Aleksandroviç Utkin 24 Mars 1967’de Moskova’da doğmuş Rus yazar ve belgesel film direktörü olup tüm yaşamιnι Moskova’da geçirmiştir. Lise yιllarιnda Gnessine Müzik Okulu’na devam	olup, askerligini yaptiktan sonra Moskova Devlet Universitesi Rus tarihi kaynaklari bolumunde okumustur	olup, askerliğini yaptιktan sonra Moskova Devlet Üniversitesi Rus tarihi kaynaklarι bölümünde okumuştur	ascii
Ptt	PTT	Köyde ilköğretim okulu içme suyu şebekesi vardır kanalizasyon şebekesi	Köyde ilköğretim okulu içme suyu şebekesi vardır kanalizasyon şebekesi	şubesi ve ptt acentesi yoktur	şubesi ve PTT acentesi yoktur	capital
müzisiyen	müzisyen	. Babası bir postacı idi ve Delibes küçük yaşta iken öldü. Annesi çok yetenekli bir amatör	. Babası bir postacı idi ve Delibes küçük yaşta iken öldü. Annesi çok yetenekli bir amatör	idi ve büyük babası bir opera şarkıcısı idi	idi ve büyük babası bir opera şarkıcısı idi	noise:delete
basarisindan	başarısından	. Sonra tarihi Termofil gecidinden gecerek Atika bolgesine girdi. O yazki bu Yunanistan'daki	. Sonra tarihî Termofil geçidinden geçerek Atika yarımadası bölgesine girdi. O yazki bu Yunanistan'daki	sonra o yaz sonu yine Anadolu'ya Kastamonu'ya yoneldi	sonra I	ascii
şahış	şahıs	Zombie Panic! Source zombi türü film ve oyunların örneklerinden çok oyunculu birinci	Zombie Panic! Source zombi türü film ve oyunların örneklerinden çok oyunculu birinci	nişancılı Half-Life 2 düzenlemesi	nişancılı Half-Life 2 düzenlemesi	ascii
3km	3 km	Başdoğan İnekçiler İlkokulu2 derslikli ve lojmanı bulunmaktadır.İlçe Merkezine 5 km uzaklıkta olup yolun 2 km lik kısmı stablize olup	Başdoğan İnekçiler İlkokulu2 derslikli ve lojmanı bulunmaktadır.İlçe Merkezine 5 km uzaklıkta olup yolun 2 km lik kısmı stablize olup	lik kısmı asfalttır	lik kısmı asfalttır	space:split
Dev	dev	. Bu görünümleri ile küçük kafalı ve uzun boyunlu Plesiosaurus adlı dinozor türüne benzerler. Bir	. Bu görünümleri ile küçük kafalı ve uzun boyunlu Plesiosaurus adlı dinozor türüne benzerler. Bir	köpek balığını bu hali ile bulup, yaşayan fosil bulduğunu zannedenler okadar sık olmuşturki hatta bu yanıltıcı görüntüye ayrı bir isim verilmiştir: Psoydo-Plesiosaurus	köpek balığını bu hali ile bulup, yaşayan fosil bulduğunu zannedenler o kadar sık olmuşturki hatta bu yanıltıcı görüntüye ayrı bir isim verilmiştir: Psoydo-Plesiosaurus	capital
Grub	Grup			Üyeleri	Üyeleri	noise:sub
Devletlerie	Devletleri'ne	Meksika-Amerika Seddi veya Meksika-Amerika Birleşik Devletleri Seddi, Meksika ve ABD sınırı üzerinde Meksika'dan Amerika Birleşik	Meksika-Amerika Seddi veya Meksika-Amerika Birleşik Devletleri Seddi, Meksika ve ABD sınırı üzerinde Meksika'dan Amerika Birleşik	ve aksi geçişleri önlemeyi hedefleyen bir seri duvar ve çittir	ve aksi geçişleri önlemeyi hedefleyen bir seri duvar ve çittir	noise:insert
bu günkü	bugünkü	. Kutsal orman anlamına gelen Lykeion aynı zaman da Tanrı Apollon'un sıfatlarından biridir ve kurtlardan koruyan manasına da gelir. Lykeion ; Bilinen ilk lise olarak kabul edildiği gibi	. Kutsal orman anlamına gelen Lykeion aynı zaman da Tanrı Apollon'un sıfatlarından biridir ve kurtlardan koruyan manasına da gelir. Lykeion ; Bilinen ilk lise olarak kabul edildiği gibi	Lise kelimesinin de atasıdır	Lise kelimesinin de atasıdır	space:merge
peformans	performans	Gerçek hayattan bir örneğe dayalı gecikme maliyeti	Gerçek hayattan bir örneğe dayalı gecikme maliyeti	grafiği	grafiği	noise:insert
Cumhuriyetitekrar	Cumhuriyeti tekrar	Plaka KoduÜlkeBaşlangıçÖnceki koduNotlarD1910Deutschland (Almanca); tarafından 1974'e kadar , 1990'daki birleşmeden itibaren de Demokratik Almanya	Plaka KoduÜlkeBaşlangıçÖnceki koduNotlarD1910Deutschland (Almanca); tarafından 1974'e kadar , 1990'daki birleşmeden itibaren de Demokratik Almanya	kullanmıştırDJIFFransa ' ya bağlıydıDK1914DOM1952DY1910AOF'nin parçası (Afrique occidentale française) -1960Dahomey (1975'e kadar bu isimle)DZ1962F -1911Dzayer (Arapça); Fransa ' ya bağlıydı	kullanmıştırDJIFFransa ' ya bağlıydıDK1914DOM1952DY1910AOF'nin parçası (Afrique occidentale française) -1960Dahomey (1975'e kadar bu isimle)DZ1962F -1911Dzayer (Arapça); Fransa ' ya bağlıydı	space:split
virus	virüs	1. Tuzluluk: Tuzluluk arttıkça bakteri ve	1. Tuzluluk: Tuzluluk arttıkça bakteri ve	üremesi azalır ( Bazı Stafilokok türleri hariç )	üremesi azalır (Bazı Stafilokok türleri hariç)	ascii
ptt	PTT	. Köyün içme suyu şebekesi vardır ancak kanalizasyon şebekesi yoktur. Ptt şubesi ve	. Köyün içme suyu şebekesi vardır ancak kanalizasyon şebekesi yoktur. PTT şubesi ve	acentesi yoktur	acentesi yoktur	capital
ingilizler	İngilizler	Newcastle United’ın en büyük rakibi, en yakın komşusu olan Sunderland’dir. Bu derbiye Tyne-War Derby adını veren	Newcastle United’ın en büyük rakibi, en yakın komşusu olan Sunderland’dir. Bu derbiye Tyne-War Derby adını veren	derbilerin çok çetin ve gergin geçtiğini belirtmektedirler	derbilerin çok çetin ve gergin geçtiğini belirtmektedirler	capital
Romalilarain Ingiltere'de bulunduklari	Romalıların İngiltere'de bulundukları	Hemel Hempstaed'in antik	Hemel Hempstaed'in antik	zamanda tarimsal malikanae alani oldugu arkeologlarin Boxmoor ve Gadebridge kazilarinda cikardiklar Roma villa kalintilarindan anlasilmaktadir	zamanda tarımsal malikane alanı olduğu arkeologların Boxmoor ve Gadebridge kazılarında çıkardıklar Roma villa kalıntılarından anlaşılmaktadır	noise:delete-ascii
cüce'ye	cüceye	William Herschel tarafından 7 Eylül 1782 yılında, Datched İngiltere'deki evinin bahçesinde kendi tasarımı bir teleskopla keşfedilmiştir ve bu onun gözlemlerindeki ilk keşiflerinden biriydi. Bu bulutsu başlangıçta düşük kütleli bir yıldızdı, daha sonra görünür parlaklığı 11.5 kadir olan bir beyaz	William Herschel tarafından 7 Eylül 1782 yılında, Datched İngiltere'deki evinin bahçesinde kendi tasarımı bir teleskopla keşfedilmiştir ve bu onun gözlemlerindeki ilk keşiflerinden biriydi. Bu bulutsu başlangıçta düşük kütleli bir yıldızdı, daha sonra görünür parlaklığı 11,5 kadir olan bir beyaz	dönüştü	dönüştü	punct
Anadoludan	Anadolu'dan	Lepsius kitabını yazarken, orijinal fakslarda bulunan ve ermenilerin ayaklanmalarını gösteren, ermenilerin Türklere karşı yaptıkları katliamları gösteren, bağımsız olma çabasında olduklarını gösteren ve Osmanlı idaresinin ermenileri Doğu	Lepsius kitabını yazarken, orijinal fakslarda bulunan ve Ermenilerin ayaklanmalarını gösteren, Ermenilerin Türklere karşı yaptıkları katliamları gösteren, bağımsız olma çabasında olduklarını gösteren ve Osmanlı idaresinin Ermenileri Doğu	sürgün ederken insancıl şekilde davranılmasını emreden ve buna benzer birçok pasajları, tek tek yoketmiş veya tam ters anlam alacak şekilde manipüle etmiş	sürgün ederken insancıl şekilde davranılmasını emreden ve buna benzer birçok pasajları, tek tek yok etmiş veya tam ters anlam alacak şekilde manipüle etmiş	punct
Yerleşim Birimleri	yerleşim birimleri	VikiProje Türkiye	Vikipedi:VikiProje Türkiye			capital
klüplerinde	kulüplerinde	. Küçüklüğünde klise korolarında şarkı söyledi ve ailesi ile beraber turlayarak gospel müzik yaptı. Little Richard zamanla R&B müzikle tanıştı ve çeşitli Atlanta	. Küçüklüğünde klise korolarında şarkı söyledi ve ailesi ile beraber turlayarak gospel müzik yaptı. Little Richard zamanla R&B müzikle tanıştı ve çeşitli Atlanta	sahne aldı	sahne aldı	noise:insert
seferde	sefer de	. Slovakya önce katılmayacağını bildirip yarışmadan çekilmiştir. Daha sonra EBU'nun yoğun çabalarından sonra dönmüş fakat bu	. Slovakya ilk önce yarışmadan çekildiğini bildirmiştir. Daha sonra EBU'nun yoğun çabaları sonrasında dönmüş fakat bu	ulusal final yapacak bütçeyi bulamadığı için çekilmişti	ulusal final gerçekleştirecek bütçeyi bulamadığı için katılamayacağını bildirmiştir	space:split
Prag'taki	Prag'daki			Yahudi mezarlığında Kafka'nın mezarının karşısında Max Brod için yapılmış bir anıt vardır	Yahudi mezarlığında Kafka'nın mezarının karşısında Max Brod için yapılmış bir anıt vardır	noise:sub
İSTANBUL	İstanbul	GÜVEN YAYIN EVİ /	Güven Yayın Evi /			capital
Taner'in	TANER'in	Eski futbol antrenörü Ziya	1964 yılında Ankara'da doğdu. Eski futbol antrenörü Ziya	oğludur	oğludur	capital
haziran	Haziran	21	21	2008 - 78	2008 - 78	capital
taşımacğığı	taşımacılığı	Sidney feribot	Sidney feribot	şirketi Sydney Ferries'in Collaroy feribotu	şirketi Sydney Ferries'in Collaroy feribotu	noise:other
sporda	Sporda			amatör küme ikinci ligindedir	amatör küme ikinci ligindedir	capital
